{
  "project_info": {
    "project_number": "249077371826",
    "project_id": "fiapjokenpo",
    "storage_bucket": "fiapjokenpo.appspot.com"
  },
  "client": [
    {
      "client_info": {
        "mobilesdk_app_id": "1:249077371826:android:f11ef7aa504de13cff8aab",
        "android_client_info": {
          "package_name": "com.fiap.jokenpo"
        }
      },
      "oauth_client": [
        {
          "client_id": "249077371826-4e7sc852lgtq984ph5l0rf4uorf89mbk.apps.googleusercontent.com",
          "client_type": 3
        }
      ],
      "api_key": [
        {
          "current_key": "AIzaSyAf5xS8uS5rIwzjyrCzHAACSyBhfp858n0"
        }
      ],
      "services": {
        "appinvite_service": {
          "other_platform_oauth_client": [
            {
              "client_id": "249077371826-4e7sc852lgtq984ph5l0rf4uorf89mbk.apps.googleusercontent.com",
              "client_type": 3
            }
          ]
        }
      }
    }
  ],
  "configuration_version": "1"
}